experiment, n, M, L, tMIP, tMIP_CPP, tDD_toA, tDD_toB, tDD_VS, int_toA, int_toB, int_VS
Set parameter Username
1, 5, 5, 0.25, 0.23, 0.28, 0.29, 0.30, 0.30, 121, 155, 153
2, 6, 5, 0.25, 0.35, 0.37, 0.38, 0.37, 0.37, 460, 298, 322
3, 7, 5, 0.25, 0.25, 0.37, 0.38, 0.39, 0.39, 519, 653, 413
4, 8, 5, 0.25, 0.34, 0.48, 0.96, 0.81, 0.65, 3046, 419, 4804
5, 9, 5, 0.25, 0.63, 0.49, 1.07, 0.84, 0.66, 5545, 3651, 1863
6, 10, 5, 0.25, 1.15, 0.60, 1.39, 0.84, 0.91, 17771, 3891, 2155
7, 11, 5, 0.25, 0.50, 0.58, 1.19, 0.80, 0.91, 8735, 3295, 1069
8, 12, 5, 0.25, 3.59, 0.66, 1.11, 1.39, 1.01, 4279, 5455, 3839
9, 13, 5, 0.25, 8.43, 0.81, 8.52, 19.42, 2.38, 85241, 98127, 58475
10, 14, 5, 0.25, 3.37, 0.79, 3.60, 7.93, 2.55, 22095, 18883, 47735
11, 15, 5, 0.25, 3.35, 0.84, 31.67, 8.29, 3.54, 146783, 39891, 93183
12, 5, 5, 0.25, 0.17, 0.29, 0.36, 0.30, 0.27, 171, 131, 171
13, 6, 5, 0.25, 0.34, 0.35, 0.33, 0.33, 0.37, 255, 115, 255
14, 7, 5, 0.25, 0.52, 0.45, 0.40, 0.41, 0.43, 447, 575, 511
15, 8, 5, 0.25, 0.27, 0.39, 0.48, 0.47, 0.48, 1837, 1615, 1323
16, 9, 5, 0.25, 3.39, 0.47, 0.72, 0.69, 0.61, 5207, 4607, 2018
17, 10, 5, 0.25, 0.78, 0.51, 1.37, 1.01, 0.69, 8703, 3637, 3649
18, 11, 5, 0.25, 0.56, 0.59, 1.03, 4.00, 1.15, 8501, 47527, 3087
19, 12, 5, 0.25, 3.90, 0.68, 1.44, 2.04, 2.86, 8833, 21735, 3315
20, 13, 5, 0.25, 1.54, 0.69, 5.92, 28.95, 1.62, 30031, 165035, 33354
21, 14, 5, 0.25, 4.85, 0.77, 10.93, 31.60, 2.67, 75707, 281859, 93454
22, 15, 5, 0.25, 7.97, 0.83, 85.82, 39.90, 8.78, 187607, 315071, 555263
23, 5, 5, 0.25, 0.20, 0.25, 0.26, 0.25, 0.26, 60, 61, 127
24, 6, 5, 0.25, 0.21, 0.28, 0.29, 0.27, 0.28, 235, 119, 119
25, 7, 5, 0.25, 0.81, 0.34, 0.35, 0.34, 0.35, 354, 355, 263
26, 8, 5, 0.25, 0.36, 0.35, 0.35, 0.37, 0.37, 423, 727, 261
27, 9, 5, 0.25, 0.70, 0.44, 0.48, 0.63, 0.50, 1027, 3068, 1627
28, 10, 5, 0.25, 1.06, 0.52, 0.78, 1.55, 0.65, 6367, 21265, 2079
29, 11, 5, 0.25, 2.59, 0.58, 1.66, 1.25, 0.86, 10367, 4680, 16275
30, 12, 5, 0.25, 0.48, 0.60, 4.45, 3.02, 1.40, 35728, 33631, 12415
31, 13, 5, 0.25, 3.61, 0.63, 4.78, 3.60, 1.46, 11249, 16575, 36102
32, 14, 5, 0.25, 0.50, 0.76, 27.63, 16.59, 2.06, 451189, 200347, 55979
33, 15, 5, 0.25, 5.58, 0.78, 8.69, 9.03, 7.64, 20751, 41644, 516301
34, 5, 5, 0.25, 0.19, 0.27, 0.27, 0.27, 0.27, 151, 139, 143
35, 6, 5, 0.25, 0.22, 0.28, 0.27, 0.27, 0.27, 273, 185, 289
36, 7, 5, 0.25, 0.13, 0.31, 0.35, 0.35, 0.35, 279, 371, 423
37, 8, 5, 0.25, 0.56, 0.45, 0.57, 0.49, 0.47, 1503, 1327, 1023
38, 9, 5, 0.25, 0.77, 0.46, 0.59, 0.66, 0.59, 969, 1397, 3307
39, 10, 5, 0.25, 2.05, 0.49, 0.66, 0.60, 0.52, 2007, 2811, 1851
40, 11, 5, 0.25, 1.87, 0.57, 0.84, 1.07, 0.68, 5679, 10543, 3911
41, 12, 5, 0.25, 2.58, 0.61, 4.59, 5.40, 1.27, 28412, 79311, 36183
42, 13, 5, 0.25, 3.22, 0.61, 3.61, 10.36, 1.74, 27230, 184031, 9670
43, 14, 5, 0.25, 3.12, 0.70, 10.03, 6.59, 1.71, 60215, 39007, 37071
44, 15, 5, 0.25, 4.08, 0.81, 7.02, 115.20, 2.79, 76719, 266971, 93369
45, 5, 5, 0.25, 0.11, 0.25, 0.25, 0.25, 0.25, 187, 169, 146
46, 6, 5, 0.25, 0.30, 0.30, 0.30, 0.31, 0.32, 266, 299, 183
47, 7, 5, 0.25, 0.35, 0.37, 0.40, 0.40, 0.40, 687, 683, 543
48, 8, 5, 0.25, 1.18, 0.37, 0.50, 0.43, 0.42, 798, 1269, 879
49, 9, 5, 0.25, 0.44, 0.48, 0.75, 0.83, 0.62, 3537, 3414, 1723
50, 10, 5, 0.25, 1.41, 0.52, 1.85, 1.68, 0.81, 7043, 15047, 16695
51, 11, 5, 0.25, 0.94, 0.60, 2.63, 2.80, 1.17, 14495, 28147, 36671
52, 12, 5, 0.25, 0.84, 0.62, 0.86, 2.39, 1.98, 4659, 32757, 4813
53, 13, 5, 0.25, 10.73, 0.69, 5.83, 8.10, 1.43, 59335, 79675, 24301
54, 14, 5, 0.25, 3.29, 0.71, 20.16, 13.90, 2.68, 64415, 121503, 83471
55, 15, 5, 0.25, 4.41, 0.74, 7.84, 15.64, 2.59, 88411, 119217, 21147
56, 5, 5, 0.25, 0.16, 0.25, 0.25, 0.25, 0.25, 119, 171, 123
57, 6, 5, 0.25, 0.18, 0.30, 0.32, 0.31, 0.31, 361, 387, 361
58, 7, 5, 0.25, 0.86, 0.36, 0.45, 0.47, 0.39, 1245, 1057, 979
59, 8, 5, 0.25, 0.15, 0.33, 0.34, 0.33, 0.36, 480, 259, 197
60, 9, 5, 0.25, 2.11, 0.47, 1.17, 0.74, 0.59, 6620, 4663, 2567
61, 10, 5, 0.25, 0.68, 0.48, 0.97, 0.87, 0.76, 5039, 5427, 4271
62, 11, 5, 0.25, 3.11, 0.58, 3.58, 1.27, 0.86, 57695, 10897, 6695
63, 12, 5, 0.25, 3.14, 0.55, 4.80, 3.60, 1.21, 36783, 38335, 18879
64, 13, 5, 0.25, 1.84, 0.67, 29.90, 14.24, 2.33, 101239, 74887, 112615
65, 14, 5, 0.25, 6.44, 0.67, 10.05, 48.83, 2.17, 123752, 422103, 111456
66, 15, 5, 0.25, 4.90, 0.75, 39.05, 30.66, 3.15, 354307, 202956, 62335
67, 5, 5, 0.25, 0.21, 0.28, 0.26, 0.27, 0.28, 154, 166, 169
68, 6, 5, 0.25, 0.36, 0.32, 0.34, 0.33, 0.32, 646, 389, 636
69, 7, 5, 0.25, 0.33, 0.35, 0.39, 0.43, 0.37, 271, 635, 419
70, 8, 5, 0.25, 0.38, 0.33, 0.33, 0.34, 0.33, 655, 447, 543
71, 9, 5, 0.25, 0.96, 0.43, 0.78, 0.92, 0.57, 4191, 2441, 5132
72, 10, 5, 0.25, 0.55, 0.50, 0.67, 0.95, 0.62, 3069, 7615, 1919
73, 11, 5, 0.25, 2.69, 0.53, 3.65, 2.19, 0.85, 32172, 23767, 9175
74, 12, 5, 0.25, 1.91, 0.63, 4.33, 3.89, 1.54, 12039, 14277, 21327
75, 13, 5, 0.25, 4.01, 1.22, 11.58, 3.85, 1.71, 19471, 38251, 42945
76, 14, 5, 0.25, 0.77, 0.77, 5.48, 3.23, 1.45, 35499, 36841, 18979
77, 15, 5, 0.25, 4.37, 1.12, 13.60, 25.92, 5.74, 128191, 129599, 311295
78, 5, 5, 0.25, 0.26, 0.38, 0.34, 0.38, 0.43, 159, 159, 151
79, 6, 5, 0.25, 0.30, 0.48, 0.36, 0.42, 0.37, 287, 279, 139
80, 7, 5, 0.25, 0.49, 0.44, 0.46, 0.42, 0.48, 347, 833, 179
81, 8, 5, 0.25, 0.19, 0.55, 0.95, 0.71, 0.68, 3511, 2095, 2443
82, 9, 5, 0.25, 0.47, 0.69, 0.68, 1.20, 0.67, 1891, 10271, 819
83, 10, 5, 0.25, 1.19, 0.59, 0.73, 1.15, 0.76, 1585, 9449, 1293
84, 11, 5, 0.25, 2.52, 0.64, 1.08, 3.64, 1.00, 8879, 36124, 1903
85, 12, 5, 0.25, 6.08, 0.75, 6.86, 9.64, 1.78, 38187, 51773, 21803
86, 13, 5, 0.25, 3.30, 0.76, 16.58, 2.50, 2.22, 50507, 20656, 13615
87, 14, 5, 0.25, 6.35, 0.68, 33.00, 5.68, 2.25, 259847, 70127, 93727
88, 15, 5, 0.25, 28.88, 0.80, 13.87, 5.13, 2.88, 176359, 51103, 17001
89, 5, 5, 0.25, 0.19, 0.23, 0.24, 0.24, 0.25, 101, 107, 224
90, 6, 5, 0.25, 0.24, 0.28, 0.29, 0.29, 0.29, 173, 120, 459
91, 7, 5, 0.25, 0.61, 0.32, 0.37, 0.38, 0.35, 353, 383, 943
92, 8, 5, 0.25, 1.94, 0.44, 0.67, 0.78, 0.52, 4023, 4359, 1759
93, 9, 5, 0.25, 2.17, 0.50, 0.75, 1.06, 0.67, 4481, 8543, 6847
94, 10, 5, 0.25, 0.69, 0.47, 0.65, 0.81, 0.58, 2167, 3159, 1415
95, 11, 5, 0.25, 0.98, 0.56, 1.88, 2.74, 1.32, 2183, 3227, 37063
96, 12, 5, 0.25, 3.09, 0.59, 2.04, 3.04, 1.10, 18523, 21937, 4827
97, 13, 5, 0.25, 9.00, 0.70, 1.63, 4.25, 2.85, 13181, 49782, 4887
98, 14, 5, 0.25, 5.34, 0.71, 51.87, 39.80, 5.91, 88791, 583239, 445927
99, 15, 5, 0.25, 2.77, 0.74, 82.81, 104.69, 4.35, 371822, 394427, 137028
100, 5, 5, 0.25, 0.06, 0.24, 0.25, 0.25, 0.25, 89, 214, 214
101, 6, 5, 0.25, 0.23, 0.29, 0.30, 0.30, 0.30, 243, 139, 222
102, 7, 5, 0.25, 0.08, 0.35, 0.41, 0.46, 0.40, 549, 368, 1345
103, 8, 5, 0.25, 0.27, 0.36, 0.43, 0.43, 0.42, 271, 287, 1855
104, 9, 5, 0.25, 1.51, 0.47, 0.84, 0.67, 0.55, 5859, 2523, 2699
105, 10, 5, 0.25, 1.84, 0.49, 0.90, 0.74, 0.66, 9682, 4361, 2026
106, 11, 5, 0.25, 1.29, 0.51, 1.34, 2.07, 0.94, 8073, 10321, 10831
107, 12, 5, 0.25, 3.03, 0.60, 4.02, 1.38, 0.96, 20041, 17599, 12351
108, 13, 5, 0.25, 3.06, 0.66, 10.72, 22.74, 2.07, 149463, 197931, 90803
109, 14, 5, 0.25, 3.42, 0.66, 24.39, 1.92, 1.81, 63089, 22063, 33573
110, 15, 5, 0.25, 7.46, 0.82, 17.81, 21.80, 3.34, 322079, 82400, 46743
111, 5, 5, 0.25, 0.16, 0.25, 0.26, 0.25, 0.25, 183, 143, 121
112, 6, 5, 0.25, 0.16, 0.30, 0.33, 0.34, 0.32, 168, 217, 496
113, 7, 5, 0.25, 0.50, 0.32, 0.33, 0.34, 0.34, 391, 155, 359
114, 8, 5, 0.25, 0.45, 0.47, 0.62, 0.88, 0.54, 2320, 3235, 1675
115, 9, 5, 0.25, 0.60, 0.40, 0.46, 0.42, 0.46, 2245, 719, 515
116, 10, 5, 0.25, 1.28, 0.53, 1.06, 1.25, 0.64, 7921, 9625, 2559
117, 11, 5, 0.25, 0.52, 0.54, 0.81, 1.62, 0.76, 3515, 6847, 3511
118, 12, 5, 0.25, 0.60, 0.57, 2.24, 2.05, 1.01, 21009, 22212, 4367
119, 13, 5, 0.25, 0.85, 0.63, 5.32, 4.13, 1.20, 44847, 65051, 13627
120, 14, 5, 0.25, 4.15, 0.71, 10.46, 10.89, 1.88, 110600, 167805, 39551
121, 15, 5, 0.25, 4.18, 0.77, 175.47, 29.22, 3.51, 856847, 111007, 85653
122, 5, 5, 0.25, 0.31, 0.21, 0.22, 0.22, 0.22, 78, 79, 123
123, 6, 5, 0.25, 0.18, 0.28, 0.28, 0.28, 0.29, 171, 199, 161
124, 7, 5, 0.25, 0.30, 0.32, 0.34, 0.34, 0.34, 401, 494, 300
125, 8, 5, 0.25, 0.73, 0.43, 0.70, 0.58, 0.48, 2000, 1963, 1403
126, 9, 5, 0.25, 1.69, 0.50, 1.02, 0.98, 0.64, 3359, 4791, 6015
127, 10, 5, 0.25, 2.15, 0.52, 1.18, 0.78, 0.94, 10925, 6349, 6783
128, 11, 5, 0.25, 2.01, 0.55, 3.23, 2.60, 1.07, 19759, 10297, 10623
129, 12, 5, 0.25, 0.65, 0.66, 5.56, 2.58, 1.14, 64781, 35222, 8435
130, 13, 5, 0.25, 0.92, 0.63, 1.29, 3.48, 1.11, 8007, 29943, 6399
131, 14, 5, 0.25, 1.88, 0.71, 12.65, 21.53, 2.53, 28119, 362455, 101087
132, 15, 5, 0.25, 4.21, 0.73, 50.19, 38.62, 4.11, 196271, 35971, 184031
133, 5, 5, 0.25, 0.20, 0.20, 0.20, 0.20, 0.20, 107, 95, 95
134, 6, 5, 0.25, 0.21, 0.29, 0.29, 0.28, 0.29, 287, 159, 151
135, 7, 5, 0.25, 0.27, 0.36, 0.41, 0.51, 0.40, 1323, 1379, 703
136, 8, 5, 0.25, 1.12, 0.40, 0.54, 0.59, 0.47, 2550, 2327, 961
137, 9, 5, 0.25, 0.39, 0.43, 0.54, 0.49, 0.51, 3007, 1491, 887
138, 10, 5, 0.25, 2.22, 0.60, 0.61, 1.11, 0.62, 2015, 4555, 4928
139, 11, 5, 0.25, 1.22, 0.65, 1.99, 2.15, 1.04, 21369, 18147, 5587
140, 12, 5, 0.25, 0.58, 0.58, 3.24, 2.31, 0.84, 42043, 26319, 6281
141, 13, 5, 0.25, 0.44, 0.62, 1.76, 6.09, 1.14, 11871, 93734, 7775
142, 14, 5, 0.25, 1.48, 0.70, 9.63, 13.39, 2.70, 106129, 108743, 149283
143, 15, 5, 0.25, 5.61, 0.75, 2.52, 6.65, 2.62, 30195, 84399, 14239
144, 5, 5, 0.25, 0.07, 0.33, 0.24, 0.23, 0.23, 111, 79, 111
145, 6, 5, 0.25, 0.24, 0.30, 0.31, 0.37, 0.33, 183, 167, 223
146, 7, 5, 0.25, 1.41, 0.44, 0.42, 0.44, 0.42, 663, 350, 831
147, 8, 5, 0.25, 0.31, 0.39, 0.52, 0.48, 0.48, 648, 480, 2678
148, 9, 5, 0.25, 0.89, 0.46, 0.98, 0.68, 0.68, 9743, 3023, 2519
149, 10, 5, 0.25, 1.55, 0.50, 0.65, 0.75, 0.67, 3565, 6239, 1407
150, 11, 5, 0.25, 1.96, 0.55, 3.14, 1.46, 0.96, 35935, 11129, 14207
151, 12, 5, 0.25, 5.09, 0.63, 2.79, 5.34, 1.23, 39919, 81537, 5651
152, 13, 5, 0.25, 4.83, 0.65, 12.43, 14.67, 2.26, 168131, 129151, 80511
153, 14, 5, 0.25, 8.30, 0.70, 12.20, 3.49, 2.67, 47375, 51607, 18071
154, 15, 5, 0.25, 2.98, 1.02, 68.23, 31.56, 8.07, 591303, 197783, 589447
155, 5, 5, 0.25, 0.04, 0.25, 0.25, 0.25, 0.25, 135, 139, 105
156, 6, 5, 0.25, 0.62, 0.33, 0.34, 0.33, 0.33, 399, 277, 231
157, 7, 5, 0.25, 0.37, 0.40, 0.45, 0.43, 0.43, 629, 647, 273
158, 8, 5, 0.25, 1.58, 0.42, 0.50, 0.46, 0.42, 1147, 1459, 1051
159, 9, 5, 0.25, 0.53, 0.41, 0.74, 0.70, 0.49, 4221, 3395, 3007
160, 10, 5, 0.25, 2.39, 0.52, 1.14, 0.78, 0.66, 9759, 6601, 2743
161, 11, 5, 0.25, 0.47, 0.55, 1.04, 0.73, 0.85, 8638, 3350, 1934
162, 12, 5, 0.25, 3.01, 0.60, 4.89, 2.05, 1.20, 15643, 7410, 9711
163, 13, 5, 0.25, 2.09, 0.63, 5.53, 10.61, 1.50, 69211, 59859, 33199
164, 14, 5, 0.25, 4.71, 0.76, 4.37, 48.57, 2.98, 57343, 396637, 38067
165, 15, 5, 0.25, 3.33, 0.75, 43.76, 25.39, 2.38, 460219, 382670, 69622
166, 5, 5, 0.25, 0.15, 0.24, 0.25, 0.24, 0.24, 199, 151, 95
167, 6, 5, 0.25, 0.18, 0.29, 0.31, 0.31, 0.30, 320, 443, 411
168, 7, 5, 0.25, 0.17, 0.31, 0.36, 0.33, 0.34, 689, 585, 667
169, 8, 5, 0.25, 0.44, 0.36, 0.42, 0.46, 0.39, 743, 1239, 1239
170, 9, 5, 0.25, 0.30, 0.44, 0.69, 0.63, 0.54, 4827, 2789, 1485
171, 10, 5, 0.25, 3.32, 0.52, 0.71, 0.93, 0.71, 3659, 7623, 2143
172, 11, 5, 0.25, 2.66, 0.55, 0.82, 1.18, 0.71, 2926, 4658, 2387
173, 12, 5, 0.25, 8.39, 0.58, 8.22, 5.95, 1.18, 50463, 47357, 30263
174, 13, 5, 0.25, 3.30, 0.60, 3.82, 5.33, 1.44, 28255, 31777, 36273
175, 14, 5, 0.25, 4.03, 0.69, 2.28, 4.61, 1.75, 25743, 45186, 14354
176, 15, 5, 0.25, 4.99, 0.74, 99.48, 50.39, 19.59, 861827, 278029, 1775299
177, 5, 5, 0.25, 0.20, 0.25, 0.25, 0.25, 0.25, 123, 155, 95
178, 6, 5, 0.25, 0.05, 0.25, 0.26, 0.27, 0.26, 118, 257, 351
179, 7, 5, 0.25, 0.23, 0.31, 0.34, 0.36, 0.34, 407, 811, 478
180, 8, 5, 0.25, 0.28, 0.34, 0.40, 0.42, 0.38, 551, 642, 765
181, 9, 5, 0.25, 0.62, 0.45, 0.57, 0.77, 0.56, 2967, 4566, 1633
182, 10, 5, 0.25, 0.58, 0.49, 1.07, 0.69, 0.68, 6495, 3455, 1635
183, 11, 5, 0.25, 1.84, 0.53, 2.26, 1.71, 0.91, 4955, 18431, 19631
184, 12, 5, 0.25, 2.79, 0.59, 3.68, 2.58, 1.26, 38615, 34279, 9399
185, 13, 5, 0.25, 4.25, 0.58, 3.01, 5.76, 1.25, 43183, 45175, 7015
186, 14, 5, 0.25, 2.60, 0.70, 27.76, 4.14, 1.87, 337885, 26168, 24207
187, 15, 5, 0.25, 0.60, 0.70, 15.19, 13.54, 2.21, 262876, 51325, 65437
188, 5, 5, 0.25, 0.19, 0.24, 0.25, 0.24, 0.25, 154, 75, 147
189, 6, 5, 0.25, 0.38, 0.28, 0.31, 0.30, 0.31, 447, 367, 303
190, 7, 5, 0.25, 0.09, 0.29, 0.31, 0.31, 0.30, 559, 559, 271
191, 8, 5, 0.25, 1.60, 0.43, 0.64, 0.70, 0.49, 3547, 1614, 3056
192, 9, 5, 0.25, 0.40, 0.43, 0.44, 0.50, 0.53, 695, 2135, 647
193, 10, 5, 0.25, 0.31, 0.45, 1.35, 1.47, 0.60, 7443, 7699, 6705
194, 11, 5, 0.25, 1.52, 0.58, 6.48, 8.64, 1.68, 39927, 17553, 73811
195, 12, 5, 0.25, 2.36, 0.58, 3.57, 4.34, 0.93, 30923, 49641, 17321
196, 13, 5, 0.25, 2.72, 0.62, 7.19, 7.74, 1.41, 95788, 63475, 13731
197, 14, 5, 0.25, 4.88, 0.64, 7.24, 5.26, 2.26, 79451, 45234, 26375
198, 15, 5, 0.25, 4.61, 0.69, 11.86, 47.22, 3.01, 133065, 460191, 120689
199, 5, 5, 0.25, 0.17, 0.24, 0.24, 0.24, 0.25, 162, 133, 162
200, 6, 5, 0.25, 0.18, 0.24, 0.24, 0.24, 0.25, 109, 67, 109
201, 7, 5, 0.25, 0.72, 0.37, 0.36, 0.41, 0.38, 387, 281, 387
202, 8, 5, 0.25, 0.82, 0.44, 0.49, 0.51, 0.50, 458, 479, 1019
203, 9, 5, 0.25, 0.75, 0.41, 0.54, 0.60, 0.50, 1087, 997, 2621
204, 10, 5, 0.25, 0.63, 0.47, 1.31, 0.68, 0.80, 7987, 5637, 3067
205, 11, 5, 0.25, 3.17, 0.59, 1.85, 1.02, 0.80, 9087, 3709, 7343
206, 12, 5, 0.25, 0.77, 0.57, 7.46, 2.14, 1.17, 56650, 32127, 23712
207, 13, 5, 0.25, 2.86, 0.62, 5.11, 23.57, 1.86, 26683, 160551, 76287
208, 14, 5, 0.25, 3.22, 0.71, 6.94, 11.55, 1.94, 98223, 44575, 22445
209, 15, 5, 0.25, 5.99, 0.79, 159.67, 16.79, 2.52, 1729773, 277327, 79799
210, 5, 5, 0.25, 0.15, 0.24, 0.24, 0.24, 0.24, 155, 151, 139
211, 6, 5, 0.25, 0.40, 0.29, 0.31, 0.30, 0.30, 450, 296, 124
212, 7, 5, 0.25, 0.23, 0.33, 0.38, 0.34, 0.36, 643, 299, 319
213, 8, 5, 0.25, 0.62, 0.38, 0.52, 0.57, 0.47, 659, 647, 4207
214, 9, 5, 0.25, 1.45, 0.42, 0.51, 0.49, 0.47, 2527, 1543, 1079
215, 10, 5, 0.25, 0.34, 0.45, 0.59, 0.91, 0.63, 2836, 6889, 1227
216, 11, 5, 0.25, 0.60, 0.56, 2.99, 3.36, 1.19, 17956, 13619, 30095
217, 12, 5, 0.25, 2.78, 0.60, 1.91, 4.22, 1.21, 21943, 58031, 6367
218, 13, 5, 0.25, 3.23, 0.63, 6.01, 11.36, 1.73, 77105, 123327, 32911
219, 14, 5, 0.25, 1.32, 0.69, 25.21, 19.05, 2.20, 211925, 119839, 83739
220, 15, 5, 0.25, 5.21, 0.77, 48.45, 28.00, 5.60, 417583, 53679, 390463
221, 5, 5, 0.25, 0.15, 0.25, 0.25, 0.25, 0.25, 170, 167, 143
222, 6, 5, 0.25, 0.09, 0.22, 0.23, 0.23, 0.23, 159, 166, 109
223, 7, 5, 0.25, 0.37, 0.36, 0.42, 0.40, 0.40, 1107, 995, 659
224, 8, 5, 0.25, 0.96, 0.38, 0.50, 0.49, 0.43, 367, 2303, 1727
225, 9, 5, 0.25, 0.91, 0.44, 0.72, 0.89, 0.56, 4202, 3985, 3414
226, 10, 5, 0.25, 2.99, 0.54, 0.81, 1.10, 0.70, 3103, 2359, 7167
227, 11, 5, 0.25, 2.67, 0.54, 1.18, 1.18, 0.81, 6367, 8707, 8591
228, 12, 5, 0.25, 3.15, 0.60, 1.35, 2.47, 1.17, 8619, 21158, 14944
229, 13, 5, 0.25, 2.67, 0.60, 11.05, 7.62, 1.66, 132804, 45932, 47856
230, 14, 5, 0.25, 3.59, 0.68, 49.48, 3.54, 1.83, 634848, 69599, 28255
231, 15, 5, 0.25, 8.13, 0.84, 89.96, 31.03, 3.55, 1378815, 410715, 75695
232, 5, 5, 0.25, 0.20, 0.21, 0.20, 0.20, 0.21, 57, 57, 57
233, 6, 5, 0.25, 0.18, 0.21, 0.21, 0.22, 0.22, 100, 149, 131
234, 7, 5, 0.25, 0.67, 0.29, 0.31, 0.31, 0.31, 347, 479, 263
235, 8, 5, 0.25, 1.66, 0.40, 0.52, 0.51, 0.45, 2463, 2655, 1471
236, 9, 5, 0.25, 0.38, 0.41, 0.51, 0.64, 0.51, 2223, 3223, 1071
237, 10, 5, 0.25, 3.51, 0.53, 0.57, 0.67, 0.61, 1133, 2517, 797
238, 11, 5, 0.25, 2.61, 0.55, 1.87, 4.84, 0.81, 25183, 22895, 7647
239, 12, 5, 0.25, 0.70, 0.60, 1.39, 2.03, 1.22, 13513, 17847, 8637
240, 13, 5, 0.25, 5.39, 0.66, 3.26, 3.30, 1.42, 23475, 12327, 36575
241, 14, 5, 0.25, 4.09, 0.72, 69.08, 65.07, 3.49, 721615, 441937, 187413
242, 15, 5, 0.25, 4.88, 0.77, 62.99, 100.14, 15.78, 201785, 764825, 1337017
243, 5, 5, 0.25, 0.11, 0.19, 0.19, 0.19, 0.19, 70, 103, 113
244, 6, 5, 0.25, 0.22, 0.25, 0.26, 0.26, 0.27, 187, 193, 157
245, 7, 5, 0.25, 0.29, 0.31, 0.36, 0.33, 0.32, 491, 655, 471
246, 8, 5, 0.25, 0.54, 0.40, 0.63, 0.50, 0.46, 671, 1967, 2519
247, 9, 5, 0.25, 0.87, 0.43, 0.64, 0.64, 0.54, 3238, 3909, 2535
248, 10, 5, 0.25, 0.62, 0.46, 0.49, 0.48, 0.57, 1234, 1007, 455
249, 11, 5, 0.25, 2.66, 0.53, 1.73, 2.38, 0.83, 10463, 4534, 11423
250, 12, 5, 0.25, 3.02, 0.60, 1.64, 3.09, 1.28, 19463, 45625, 11263
251, 13, 5, 0.25, 3.26, 0.61, 10.19, 9.34, 1.27, 150867, 117471, 30779
252, 14, 5, 0.25, 2.62, 0.67, 5.07, 24.21, 1.95, 46983, 272911, 72439
253, 15, 5, 0.25, 3.61, 0.74, 43.28, 19.99, 2.93, 534351, 271599, 24589
254, 5, 5, 0.25, 0.18, 0.23, 0.22, 0.22, 0.22, 67, 59, 59
255, 6, 5, 0.25, 0.23, 0.26, 0.28, 0.27, 0.27, 295, 299, 223
256, 7, 5, 0.25, 0.21, 0.34, 0.39, 0.42, 0.38, 569, 811, 759
257, 8, 5, 0.25, 0.40, 0.36, 0.44, 0.38, 0.38, 1134, 863, 913
258, 9, 5, 0.25, 0.39, 0.39, 0.58, 0.76, 0.47, 3619, 5419, 1509
259, 10, 5, 0.25, 0.89, 0.51, 0.70, 2.73, 0.69, 3399, 34723, 3571
260, 11, 5, 0.25, 3.88, 0.51, 1.74, 1.49, 0.76, 6223, 16455, 7964
261, 12, 5, 0.25, 2.14, 0.60, 1.75, 3.27, 0.91, 18759, 16627, 7721
262, 13, 5, 0.25, 1.36, 0.63, 18.42, 7.22, 1.94, 109911, 73289, 18719
263, 14, 5, 0.25, 3.91, 0.70, 32.51, 15.48, 2.84, 582639, 126598, 35239
264, 15, 5, 0.25, 6.96, 0.79, 16.33, 4.30, 2.40, 289567, 66956, 10977
265, 5, 5, 0.25, 0.09, 0.24, 0.24, 0.25, 0.25, 123, 151, 111
266, 6, 5, 0.25, 0.18, 0.28, 0.29, 0.29, 0.29, 287, 199, 191
267, 7, 5, 0.25, 0.25, 0.30, 0.32, 0.30, 0.33, 560, 302, 344
268, 8, 5, 0.25, 0.50, 0.36, 0.51, 0.42, 0.42, 1919, 1057, 1487
269, 9, 5, 0.25, 0.39, 0.39, 0.49, 0.44, 0.43, 775, 1311, 655
270, 10, 5, 0.25, 2.38, 0.48, 0.89, 0.82, 0.64, 8508, 8287, 1941
271, 11, 5, 0.25, 1.84, 0.55, 1.66, 0.73, 1.19, 15555, 3361, 1277
272, 12, 5, 0.25, 3.52, 0.59, 1.62, 2.70, 1.61, 22281, 22335, 12739
273, 13, 5, 0.25, 1.71, 0.66, 6.35, 14.13, 2.66, 61135, 60961, 67471
274, 14, 5, 0.25, 3.13, 0.62, 4.06, 8.50, 1.63, 28823, 39907, 68747
275, 15, 5, 0.25, 3.16, 0.73, 87.41, 57.08, 7.59, 592103, 214775, 470473
276, 5, 5, 0.25, 0.16, 0.27, 0.26, 0.26, 0.27, 71, 127, 138
277, 6, 5, 0.25, 0.06, 0.27, 0.27, 0.27, 0.28, 108, 103, 89
278, 7, 5, 0.25, 0.29, 0.35, 0.37, 0.44, 0.38, 328, 415, 441
279, 8, 5, 0.25, 0.24, 0.40, 0.50, 0.52, 0.52, 1101, 1293, 893
280, 9, 5, 0.25, 1.55, 0.50, 0.55, 0.76, 0.56, 1243, 1779, 1993
281, 10, 5, 0.25, 1.76, 0.49, 1.54, 1.43, 0.65, 20447, 23935, 4220
282, 11, 5, 0.25, 1.94, 0.52, 1.43, 1.30, 1.04, 19779, 10691, 9615
283, 12, 5, 0.25, 2.93, 0.56, 1.03, 0.85, 1.65, 9163, 8131, 2603
284, 13, 5, 0.25, 4.28, 0.64, 5.30, 4.48, 2.06, 18395, 38015, 99743
285, 14, 5, 0.25, 2.09, 0.64, 32.98, 37.01, 2.89, 620895, 349743, 147790
286, 15, 5, 0.25, 3.65, 0.73, 6.46, 14.32, 1.99, 105759, 13744, 55387
287, 5, 5, 0.25, 0.21, 0.24, 0.24, 0.24, 0.24, 147, 147, 111
288, 6, 5, 0.25, 0.30, 0.25, 0.26, 0.26, 0.26, 350, 286, 328
289, 7, 5, 0.25, 0.23, 0.30, 0.30, 0.31, 0.31, 295, 350, 171
290, 8, 5, 0.25, 0.77, 0.37, 0.52, 0.51, 0.43, 3225, 2491, 1819
291, 9, 5, 0.25, 1.63, 0.45, 0.71, 0.64, 0.61, 4715, 4444, 1708
292, 10, 5, 0.25, 2.98, 0.47, 1.15, 1.13, 0.61, 8494, 4845, 2579
293, 11, 5, 0.25, 2.56, 0.57, 2.41, 3.97, 1.07, 21311, 12697, 21431
294, 12, 5, 0.25, 1.46, 0.58, 1.41, 1.40, 0.93, 5084, 6271, 13635
295, 13, 5, 0.25, 3.86, 0.66, 4.83, 10.72, 1.74, 54924, 94500, 9816
296, 14, 5, 0.25, 5.11, 0.64, 3.75, 8.86, 1.30, 67811, 81055, 8719
297, 15, 5, 0.25, 2.09, 0.67, 39.02, 7.37, 1.93, 319091, 51903, 60987
298, 5, 5, 0.25, 0.32, 0.23, 0.23, 0.23, 0.24, 120, 79, 75
299, 6, 5, 0.25, 0.27, 0.31, 0.33, 0.33, 0.32, 195, 308, 633
300, 7, 5, 0.25, 0.25, 0.26, 0.26, 0.26, 0.26, 239, 173, 109
301, 8, 5, 0.25, 0.29, 0.38, 0.54, 0.45, 0.43, 975, 979, 975
302, 9, 5, 0.25, 0.53, 0.43, 0.74, 0.47, 0.50, 1510, 623, 623
303, 10, 5, 0.25, 0.76, 0.53, 1.60, 2.77, 0.86, 18051, 22589, 8636
304, 11, 5, 0.25, 2.26, 0.54, 1.36, 2.66, 0.83, 16708, 16643, 8699
305, 12, 5, 0.25, 1.13, 0.55, 2.68, 1.66, 0.87, 15211, 23109, 7037
306, 13, 5, 0.25, 3.24, 0.65, 6.59, 3.11, 1.40, 80471, 41415, 31430
307, 14, 5, 0.25, 5.84, 0.73, 80.57, 5.63, 2.66, 944687, 86721, 130657
308, 15, 5, 0.25, 4.50, 0.72, 26.99, 8.51, 3.53, 160759, 104729, 91383
309, 5, 5, 0.25, 0.23, 0.24, 0.24, 0.24, 0.24, 175, 187, 123
310, 6, 5, 0.25, 0.22, 0.27, 0.28, 0.28, 0.28, 279, 303, 199
311, 7, 5, 0.25, 0.21, 0.29, 0.34, 0.33, 0.32, 502, 809, 341
312, 8, 5, 0.25, 1.31, 0.38, 0.39, 0.44, 0.40, 335, 1155, 267
313, 9, 5, 0.25, 0.35, 0.41, 0.55, 0.56, 0.52, 2081, 3333, 2073
314, 10, 5, 0.25, 2.59, 0.49, 0.69, 0.69, 0.87, 3807, 3739, 2943
315, 11, 5, 0.25, 1.73, 0.53, 2.23, 3.04, 0.82, 36441, 37413, 3487
316, 12, 5, 0.25, 1.70, 0.52, 2.35, 2.50, 1.14, 8696, 8021, 37071
317, 13, 5, 0.25, 1.58, 0.61, 11.37, 5.74, 2.05, 109282, 56959, 47903
318, 14, 5, 0.25, 5.01, 0.68, 4.08, 6.41, 1.79, 67199, 77791, 34967
319, 15, 5, 0.25, 1.02, 0.69, 21.43, 39.03, 4.82, 217755, 98658, 281487
320, 5, 5, 0.25, 0.15, 0.25, 0.26, 0.26, 0.26, 41, 63, 63
321, 6, 5, 0.25, 0.08, 0.28, 0.30, 0.32, 0.31, 487, 375, 478
322, 7, 5, 0.25, 0.30, 0.30, 0.32, 0.31, 0.31, 619, 308, 308
323, 8, 5, 0.25, 0.94, 0.41, 0.44, 0.55, 0.48, 907, 2611, 395
324, 9, 5, 0.25, 0.40, 0.42, 0.62, 0.91, 0.52, 3411, 2227, 2975
325, 10, 5, 0.25, 0.70, 0.47, 1.06, 1.06, 0.74, 2775, 6315, 16943
326, 11, 5, 0.25, 0.46, 0.50, 2.75, 1.18, 0.91, 5418, 7014, 19458
327, 12, 5, 0.25, 2.69, 0.57, 3.16, 5.19, 1.13, 19431, 37783, 34463
328, 13, 5, 0.25, 1.53, 0.63, 3.72, 5.32, 1.54, 38983, 78063, 8215
329, 14, 5, 0.25, 0.64, 0.72, 31.24, 10.81, 4.00, 93971, 51631, 227306
330, 15, 5, 0.25, 3.53, 0.69, 12.36, 18.75, 2.16, 118751, 90487, 47231
331, 5, 5, 0.25, 0.14, 0.24, 0.25, 0.25, 0.25, 183, 67, 183
332, 6, 5, 0.25, 0.15, 0.29, 0.33, 0.31, 0.31, 411, 567, 507
333, 7, 5, 0.25, 0.75, 0.35, 0.40, 0.44, 0.41, 741, 975, 935
334, 8, 5, 0.25, 0.29, 0.35, 0.38, 0.37, 0.40, 1015, 697, 371
335, 9, 5, 0.25, 0.84, 0.41, 0.50, 0.57, 0.47, 2047, 1923, 1031
336, 10, 5, 0.25, 0.64, 0.49, 1.05, 1.36, 0.69, 8024, 12881, 4816
337, 11, 5, 0.25, 0.64, 0.51, 0.66, 0.68, 0.81, 4895, 4551, 1455
338, 12, 5, 0.25, 0.56, 0.57, 2.13, 5.22, 1.11, 15603, 72658, 8383
339, 13, 5, 0.25, 1.32, 0.64, 59.15, 13.84, 1.98, 629183, 289695, 61151
340, 14, 5, 0.25, 4.46, 0.73, 22.78, 12.00, 4.03, 207523, 40903, 229551
341, 15, 5, 0.25, 4.60, 0.70, 15.96, 23.19, 3.37, 117263, 190687, 163799
342, 5, 5, 0.25, 0.17, 0.21, 0.22, 0.22, 0.22, 99, 91, 95
343, 6, 5, 0.25, 0.62, 0.31, 0.33, 0.33, 0.32, 189, 215, 215
344, 7, 5, 0.25, 0.32, 0.37, 0.43, 0.39, 0.44, 1069, 379, 371
345, 8, 5, 0.25, 0.77, 0.38, 0.48, 0.46, 0.47, 353, 535, 2151
346, 9, 5, 0.25, 0.26, 0.35, 0.45, 0.45, 0.42, 767, 607, 2029
347, 10, 5, 0.25, 2.29, 0.48, 1.02, 0.68, 0.69, 8255, 2860, 3055
348, 11, 5, 0.25, 0.92, 0.49, 2.53, 3.10, 1.01, 15271, 8323, 30031
349, 12, 5, 0.25, 0.96, 0.59, 4.72, 3.11, 1.10, 61727, 40616, 4846
350, 13, 5, 0.25, 6.09, 0.64, 7.91, 2.44, 1.48, 63463, 41583, 12287
351, 14, 5, 0.25, 3.28, 0.70, 54.81, 14.13, 4.46, 264465, 92267, 298781
352, 15, 5, 0.25, 7.15, 0.74, 89.45, 6.16, 4.07, 1578179, 31831, 241387
353, 5, 5, 0.25, 0.18, 0.25, 0.25, 0.25, 0.25, 145, 174, 142
354, 6, 5, 0.25, 0.23, 0.26, 0.28, 0.27, 0.27, 158, 149, 222
355, 7, 5, 0.25, 0.24, 0.34, 0.38, 0.35, 0.37, 1055, 367, 375
356, 8, 5, 0.25, 0.41, 0.42, 0.60, 0.59, 0.48, 4524, 2078, 1287
357, 9, 5, 0.25, 1.00, 0.45, 0.56, 0.48, 0.47, 1439, 1640, 976
358, 10, 5, 0.25, 0.40, 0.49, 1.02, 0.78, 0.62, 4901, 4911, 2759
359, 11, 5, 0.25, 1.65, 0.51, 1.07, 0.77, 0.60, 8907, 2719, 2175
360, 12, 5, 0.25, 1.46, 0.57, 7.25, 2.92, 1.25, 15443, 4507, 40867
361, 13, 5, 0.25, 1.13, 0.58, 1.08, 1.50, 0.95, 6551, 10103, 3751
362, 14, 5, 0.25, 2.30, 0.66, 28.87, 8.94, 2.71, 123067, 92867, 77264
363, 15, 5, 0.25, 3.03, 0.69, 42.81, 47.58, 3.05, 472265, 576688, 58432
364, 5, 5, 0.25, 0.16, 0.25, 0.25, 0.25, 0.25, 46, 57, 57
365, 6, 5, 0.25, 0.19, 0.29, 0.30, 0.31, 0.30, 307, 423, 219
366, 7, 5, 0.25, 0.76, 0.36, 0.38, 0.38, 0.35, 730, 607, 307
367, 8, 5, 0.25, 0.37, 0.32, 0.40, 0.38, 0.37, 531, 424, 1327
368, 9, 5, 0.25, 0.35, 0.37, 0.49, 0.52, 0.44, 833, 1647, 1801
369, 10, 5, 0.25, 2.66, 0.53, 1.77, 0.70, 0.60, 23343, 3778, 1519
370, 11, 5, 0.25, 1.63, 0.51, 2.10, 1.48, 0.93, 27451, 9271, 11327
371, 12, 5, 0.25, 2.99, 0.59, 3.79, 3.89, 1.03, 30639, 30463, 24103
372, 13, 5, 0.25, 3.46, 0.65, 19.93, 7.32, 2.23, 212731, 109831, 36689
373, 14, 5, 0.25, 3.67, 0.67, 12.81, 5.97, 1.66, 168595, 82783, 40643
374, 15, 5, 0.25, 4.14, 0.76, 20.81, 22.43, 2.85, 322751, 124639, 181999
375, 5, 5, 0.25, 0.13, 0.24, 0.24, 0.24, 0.24, 115, 155, 81
376, 6, 5, 0.25, 0.20, 0.31, 0.34, 0.35, 0.33, 321, 279, 535
377, 7, 5, 0.25, 0.32, 0.31, 0.35, 0.37, 0.34, 305, 375, 1019
378, 8, 5, 0.25, 1.50, 0.45, 0.53, 0.67, 0.50, 1119, 5523, 459
379, 9, 5, 0.25, 0.33, 0.43, 0.57, 0.54, 0.56, 1335, 737, 1815
380, 10, 5, 0.25, 2.46, 0.53, 0.69, 0.91, 1.06, 3215, 4289, 2059
381, 11, 5, 0.25, 1.09, 0.58, 1.48, 3.85, 1.01, 2215, 21783, 13439
382, 12, 5, 0.25, 3.41, 0.59, 5.19, 5.58, 1.71, 41427, 24159, 57311
383, 13, 5, 0.25, 5.31, 0.67, 14.56, 9.86, 2.19, 119247, 116209, 139263
384, 14, 5, 0.25, 3.12, 0.71, 3.80, 8.90, 3.50, 16387, 22911, 207327
385, 15, 5, 0.25, 3.02, 0.71, 20.89, 7.87, 2.68, 298767, 67063, 117903
386, 5, 5, 0.25, 0.13, 0.24, 0.24, 0.24, 0.24, 99, 110, 99
387, 6, 5, 0.25, 0.25, 0.25, 0.26, 0.26, 0.26, 251, 231, 297
388, 7, 5, 0.25, 0.16, 0.33, 0.37, 0.35, 0.34, 374, 669, 861
389, 8, 5, 0.25, 0.52, 0.45, 0.55, 0.58, 0.50, 1354, 2254, 1648
390, 9, 5, 0.25, 0.38, 0.43, 0.54, 0.61, 0.55, 3797, 4351, 1339
391, 10, 5, 0.25, 1.11, 0.50, 0.95, 1.74, 0.77, 10335, 16022, 3286
392, 11, 5, 0.25, 1.39, 0.47, 0.55, 0.67, 0.64, 1251, 2647, 1905
393, 12, 5, 0.25, 2.18, 0.58, 2.38, 3.87, 0.98, 19967, 8735, 25535
394, 13, 5, 0.25, 2.86, 0.60, 5.50, 10.96, 1.52, 51263, 100547, 39663
395, 14, 5, 0.25, 4.24, 0.69, 20.85, 4.45, 2.86, 387225, 74034, 39383
396, 15, 5, 0.25, 3.59, 0.71, 18.90, 105.30, 2.05, 289361, 1039843, 77836
397, 5, 5, 0.25, 0.17, 0.23, 0.24, 0.24, 0.24, 151, 133, 155
398, 6, 5, 0.25, 0.10, 0.25, 0.26, 0.25, 0.26, 287, 239, 231
399, 7, 5, 0.25, 0.33, 0.36, 0.38, 0.40, 0.39, 271, 707, 467
400, 8, 5, 0.25, 0.48, 0.38, 0.43, 0.66, 0.45, 305, 432, 1435
401, 9, 5, 0.25, 0.37, 0.38, 0.53, 0.47, 0.44, 1777, 461, 1275
402, 10, 5, 0.25, 1.25, 0.48, 0.70, 0.53, 0.64, 5907, 1367, 1799
403, 11, 5, 0.25, 1.98, 0.52, 2.01, 2.17, 0.88, 12607, 9597, 10415
404, 12, 5, 0.25, 0.54, 0.53, 3.85, 2.37, 1.02, 32243, 28514, 22703
405, 13, 5, 0.25, 2.02, 0.58, 4.05, 5.34, 1.50, 40179, 45599, 15723
406, 14, 5, 0.25, 2.19, 0.66, 10.67, 12.13, 2.47, 124949, 157319, 61377
407, 15, 5, 0.25, 6.65, 0.72, 21.54, 20.22, 2.26, 436662, 217599, 55543
408, 5, 5, 0.25, 0.25, 0.23, 0.23, 0.24, 0.24, 135, 159, 159
409, 6, 5, 0.25, 0.22, 0.30, 0.33, 0.34, 0.33, 443, 415, 311
410, 7, 5, 0.25, 0.24, 0.33, 0.36, 0.38, 0.34, 911, 639, 375
411, 8, 5, 0.25, 0.22, 0.36, 0.44, 0.44, 0.39, 1211, 1155, 931
412, 9, 5, 0.25, 2.75, 0.45, 0.85, 0.76, 0.60, 4611, 3515, 4899
413, 10, 5, 0.25, 0.40, 0.46, 1.08, 0.58, 0.64, 15529, 3670, 1307
414, 11, 5, 0.25, 1.27, 0.53, 2.03, 1.69, 0.81, 27591, 17719, 4191
415, 12, 5, 0.25, 1.55, 0.58, 1.92, 1.62, 0.98, 17577, 11663, 11907
416, 13, 5, 0.25, 0.61, 0.61, 8.15, 4.57, 1.50, 62225, 50026, 27009
417, 14, 5, 0.25, 1.49, 0.68, 4.61, 29.33, 2.64, 48202, 55719, 72472
418, 15, 5, 0.25, 7.40, 0.70, 15.52, 29.63, 2.97, 228191, 206097, 99199
419, 5, 5, 0.25, 0.16, 0.22, 0.22, 0.22, 0.23, 35, 40, 112
420, 6, 5, 0.25, 0.26, 0.25, 0.25, 0.25, 0.26, 307, 207, 183
421, 7, 5, 0.25, 0.97, 0.37, 0.36, 0.35, 0.36, 307, 353, 245
422, 8, 5, 0.25, 0.47, 0.35, 0.51, 0.53, 0.43, 839, 479, 1881
423, 9, 5, 0.25, 0.41, 0.51, 0.57, 0.64, 0.52, 2681, 3987, 955
424, 10, 5, 0.25, 2.07, 0.48, 0.66, 1.10, 0.62, 4255, 11203, 2331
425, 11, 5, 0.25, 1.84, 0.54, 1.05, 4.74, 0.77, 8569, 41675, 4820
426, 12, 5, 0.25, 1.73, 0.59, 15.53, 11.07, 1.24, 90425, 110159, 43227
427, 13, 5, 0.25, 3.83, 0.61, 15.16, 9.11, 1.52, 94271, 94654, 35023
428, 14, 5, 0.25, 6.65, 0.68, 3.76, 37.57, 2.49, 46915, 377471, 15144
429, 15, 5, 0.25, 0.56, 0.67, 7.10, 8.94, 2.50, 63235, 48481, 109031
430, 5, 5, 0.25, 0.10, 0.23, 0.23, 0.23, 0.24, 111, 143, 111
431, 6, 5, 0.25, 0.23, 0.30, 0.31, 0.32, 0.31, 171, 222, 323
432, 7, 5, 0.25, 0.34, 0.31, 0.32, 0.33, 0.32, 251, 303, 211
433, 8, 5, 0.25, 1.89, 0.41, 0.50, 0.50, 0.44, 2031, 2290, 687
434, 9, 5, 0.25, 0.28, 0.38, 0.44, 0.45, 0.43, 896, 1101, 505
435, 10, 5, 0.25, 0.58, 0.50, 2.64, 1.18, 0.87, 5439, 6108, 19583
436, 11, 5, 0.25, 0.82, 0.53, 3.17, 2.40, 0.88, 10527, 19099, 12223
437, 12, 5, 0.25, 1.40, 0.55, 2.27, 1.45, 0.87, 23071, 11683, 2735
438, 13, 5, 0.25, 1.71, 0.69, 21.49, 4.57, 1.24, 108087, 66023, 20291
439, 14, 5, 0.25, 9.04, 0.64, 5.00, 6.75, 1.47, 21659, 71388, 19462
440, 15, 5, 0.25, 4.75, 0.71, 50.77, 6.56, 3.52, 190955, 55279, 187235
441, 5, 5, 0.25, 0.22, 0.24, 0.24, 0.24, 0.24, 117, 169, 177
442, 6, 5, 0.25, 0.12, 0.25, 0.25, 0.25, 0.25, 121, 107, 113
443, 7, 5, 0.25, 0.21, 0.35, 0.37, 0.36, 0.37, 481, 385, 331
444, 8, 5, 0.25, 0.38, 0.37, 0.38, 0.42, 0.40, 407, 1123, 267
445, 9, 5, 0.25, 0.31, 0.43, 0.75, 0.59, 0.57, 3815, 2533, 1866
446, 10, 5, 0.25, 1.15, 0.55, 0.96, 2.00, 0.86, 7978, 24591, 6383
447, 11, 5, 0.25, 3.72, 0.57, 1.81, 1.99, 0.98, 12127, 15167, 9487
448, 12, 5, 0.25, 5.51, 0.60, 5.16, 0.82, 0.97, 64679, 6127, 3575
449, 13, 5, 0.25, 3.68, 0.65, 24.34, 5.79, 4.10, 95054, 45095, 314879
450, 14, 5, 0.25, 2.90, 0.65, 42.85, 42.47, 2.08, 320187, 724381, 85253
451, 15, 5, 0.25, 4.73, 0.69, 9.51, 5.80, 1.85, 90487, 77487, 68863
452, 5, 5, 0.25, 0.19, 0.24, 0.25, 0.25, 0.26, 165, 191, 191
453, 6, 5, 0.25, 0.17, 0.28, 0.30, 0.31, 0.29, 327, 315, 311
454, 7, 5, 0.25, 0.52, 0.31, 0.36, 0.36, 0.35, 326, 318, 865
455, 8, 5, 0.25, 0.33, 0.38, 0.41, 0.46, 0.45, 564, 782, 598
456, 9, 5, 0.25, 0.55, 0.42, 0.46, 0.50, 0.52, 1092, 1467, 935
457, 10, 5, 0.25, 0.87, 0.48, 0.96, 0.71, 0.56, 12351, 5359, 1391
458, 11, 5, 0.25, 2.04, 0.46, 1.08, 0.71, 0.58, 4959, 4987, 1299
459, 12, 5, 0.25, 1.23, 0.59, 4.04, 7.93, 1.01, 56895, 81173, 16271
460, 13, 5, 0.25, 2.56, 0.62, 21.29, 5.44, 2.01, 81197, 72991, 12607
461, 14, 5, 0.25, 8.32, 0.64, 11.77, 13.44, 1.75, 180431, 186723, 66626
462, 15, 5, 0.25, 3.24, 0.71, 47.01, 12.00, 2.32, 405355, 226439, 41654
463, 5, 5, 0.25, 0.13, 0.23, 0.22, 0.23, 0.23, 145, 131, 99
464, 6, 5, 0.25, 0.13, 0.26, 0.27, 0.27, 0.27, 215, 209, 211
465, 7, 5, 0.25, 0.62, 0.32, 0.39, 0.46, 0.35, 395, 747, 639
466, 8, 5, 0.25, 0.55, 0.36, 0.50, 0.52, 0.42, 1287, 2559, 1782
467, 9, 5, 0.25, 0.54, 0.40, 0.58, 0.57, 0.47, 1451, 2871, 2415
468, 10, 5, 0.25, 1.10, 0.49, 2.16, 1.81, 0.71, 18225, 14564, 5767
469, 11, 5, 0.25, 1.32, 0.50, 2.42, 2.25, 0.83, 16067, 15083, 20179
470, 12, 5, 0.25, 1.49, 0.58, 3.88, 4.35, 1.73, 22097, 27967, 64503
471, 13, 5, 0.25, 3.47, 0.63, 11.07, 16.31, 1.84, 152831, 49101, 70607
472, 14, 5, 0.25, 4.15, 0.69, 4.19, 48.53, 2.06, 48768, 653301, 82026
473, 15, 5, 0.25, 4.34, 0.67, 12.25, 14.62, 4.40, 157455, 170795, 309183
474, 5, 5, 0.25, 0.18, 0.24, 0.25, 0.25, 0.25, 145, 165, 85
475, 6, 5, 0.25, 0.14, 0.27, 0.28, 0.28, 0.28, 205, 303, 151
476, 7, 5, 0.25, 0.24, 0.33, 0.34, 0.36, 0.38, 347, 757, 237
477, 8, 5, 0.25, 0.32, 0.37, 0.49, 0.44, 0.43, 2843, 1895, 671
478, 9, 5, 0.25, 0.56, 0.42, 0.65, 0.57, 0.55, 3600, 417, 4710
479, 10, 5, 0.25, 0.65, 0.51, 0.95, 1.26, 0.67, 4875, 5769, 4511
480, 11, 5, 0.25, 0.97, 0.55, 3.37, 3.15, 1.34, 20151, 8311, 50379
481, 12, 5, 0.25, 1.36, 0.62, 3.73, 3.72, 1.46, 46571, 21391, 11179
482, 13, 5, 0.25, 3.60, 0.66, 3.03, 19.41, 1.52, 41054, 184676, 17055
483, 14, 5, 0.25, 4.59, 0.71, 2.25, 8.42, 2.00, 21839, 60263, 43047
484, 15, 5, 0.25, 4.77, 0.75, 42.38, 17.12, 2.09, 656639, 288783, 34531
485, 5, 5, 0.25, 0.26, 0.22, 0.22, 0.21, 0.22, 77, 73, 73
486, 6, 5, 0.25, 0.33, 0.26, 0.26, 0.26, 0.26, 299, 211, 235
487, 7, 5, 0.25, 0.57, 0.29, 0.31, 0.32, 0.31, 407, 538, 423
488, 8, 5, 0.25, 0.19, 0.36, 0.51, 0.46, 0.41, 555, 551, 1295
489, 9, 5, 0.25, 1.48, 0.38, 0.56, 0.55, 0.46, 2939, 2969, 1647
490, 10, 5, 0.25, 0.35, 0.42, 0.65, 0.51, 0.46, 1471, 2591, 1287
491, 11, 5, 0.25, 0.66, 0.49, 1.53, 0.74, 0.67, 10875, 6631, 4630
492, 12, 5, 0.25, 2.87, 0.58, 2.55, 1.72, 1.69, 5255, 3003, 69371
493, 13, 5, 0.25, 7.31, 0.68, 7.68, 3.05, 1.44, 34827, 44115, 11731
494, 14, 5, 0.25, 1.44, 0.65, 6.34, 4.42, 1.89, 117367, 69435, 24219
495, 15, 5, 0.25, 5.57, 0.69, 10.47, 17.80, 4.25, 73987, 210537, 274324
496, 5, 5, 0.25, 0.10, 0.21, 0.21, 0.21, 0.21, 50, 49, 97
497, 6, 5, 0.25, 0.12, 0.30, 0.31, 0.30, 0.31, 271, 242, 212
498, 7, 5, 0.25, 0.21, 0.33, 0.35, 0.35, 0.35, 639, 863, 315
499, 8, 5, 0.25, 0.44, 0.40, 0.64, 0.48, 0.48, 1265, 830, 1907
500, 9, 5, 0.25, 0.33, 0.42, 0.50, 0.79, 0.51, 1999, 5499, 1175
501, 10, 5, 0.25, 2.11, 0.49, 0.92, 0.79, 0.67, 6098, 4887, 2558
502, 11, 5, 0.25, 2.61, 0.55, 3.98, 4.63, 0.82, 57263, 65599, 6271
503, 12, 5, 0.25, 0.55, 0.56, 2.53, 4.06, 0.88, 36144, 16515, 5562
504, 13, 5, 0.25, 3.23, 0.66, 10.27, 5.63, 1.27, 113308, 118447, 12367
505, 14, 5, 0.25, 10.72, 0.75, 9.29, 70.09, 2.89, 117119, 1013967, 28255
506, 15, 5, 0.25, 3.02, 0.74, 50.76, 47.68, 6.61, 120793, 101091, 415363
507, 5, 5, 0.25, 0.14, 0.19, 0.19, 0.19, 0.19, 86, 82, 86
508, 6, 5, 0.25, 0.20, 0.28, 0.30, 0.31, 0.30, 271, 303, 503
509, 7, 5, 0.25, 0.28, 0.31, 0.33, 0.35, 0.35, 384, 651, 582
510, 8, 5, 0.25, 0.43, 0.35, 0.39, 0.43, 0.38, 983, 595, 439
511, 9, 5, 0.25, 0.42, 0.42, 0.83, 0.80, 0.54, 7519, 3935, 5563
512, 10, 5, 0.25, 0.54, 0.45, 1.26, 0.94, 0.62, 9549, 8650, 2503
513, 11, 5, 0.25, 3.51, 0.53, 3.23, 1.21, 1.20, 39045, 15332, 3747
514, 12, 5, 0.25, 4.43, 0.63, 18.81, 7.95, 1.47, 159039, 36639, 55423
515, 13, 5, 0.25, 1.02, 0.62, 4.21, 24.48, 2.00, 61107, 156383, 42495
516, 14, 5, 0.25, 3.26, 0.68, 3.08, 14.75, 1.55, 37383, 237503, 19039
517, 15, 5, 0.25, 7.56, 0.79, 247.67, 72.79, 4.01, 591479, 1064479, 196183
518, 5, 5, 0.25, 0.11, 0.28, 0.25, 0.25, 0.25, 103, 99, 103
519, 6, 5, 0.25, 0.25, 0.28, 0.32, 0.31, 0.30, 288, 317, 599
520, 7, 5, 0.25, 0.93, 0.34, 0.35, 0.35, 0.35, 432, 361, 320
521, 8, 5, 0.25, 1.57, 0.38, 0.54, 0.47, 0.44, 563, 607, 1751
522, 9, 5, 0.25, 0.53, 0.43, 0.81, 0.61, 0.51, 6543, 4471, 1615
523, 10, 5, 0.25, 2.09, 0.48, 1.45, 0.71, 0.68, 19311, 3905, 2061
524, 11, 5, 0.25, 1.45, 0.54, 1.19, 1.22, 0.87, 6819, 4991, 6331
525, 12, 5, 0.25, 0.41, 0.55, 1.66, 2.03, 1.10, 23119, 17279, 10367
526, 13, 5, 0.25, 2.05, 0.63, 20.33, 12.22, 2.82, 280175, 80387, 39151
527, 14, 5, 0.25, 5.28, 0.63, 11.83, 5.57, 1.56, 203315, 60205, 35455
528, 15, 5, 0.25, 4.37, 0.80, 16.44, 13.77, 2.57, 226257, 134165, 37028
529, 5, 5, 0.25, 0.11, 0.19, 0.20, 0.20, 0.20, 81, 89, 114
530, 6, 5, 0.25, 0.54, 0.30, 0.31, 0.30, 0.31, 399, 295, 219
531, 7, 5, 0.25, 0.60, 0.34, 0.44, 0.41, 0.39, 1339, 1071, 1191
532, 8, 5, 0.25, 0.29, 0.36, 0.44, 0.41, 0.41, 863, 745, 1135
533, 9, 5, 0.25, 0.36, 0.41, 0.50, 0.47, 0.50, 975, 779, 1703
534, 10, 5, 0.25, 0.70, 0.47, 0.90, 1.98, 0.74, 6363, 20991, 2527
535, 11, 5, 0.25, 2.37, 0.55, 1.76, 1.83, 0.92, 19807, 17507, 7011
536, 12, 5, 0.25, 2.59, 0.56, 2.34, 4.23, 1.22, 10547, 77695, 7946
537, 13, 5, 0.25, 1.19, 0.61, 17.29, 2.38, 2.36, 93773, 10551, 130287
538, 14, 5, 0.25, 3.89, 0.63, 5.53, 5.15, 1.84, 32719, 25031, 77489
539, 15, 5, 0.25, 0.91, 0.73, 212.19, 81.22, 6.84, 2147935, 707391, 530267
540, 5, 5, 0.25, 0.13, 0.24, 0.24, 0.24, 0.25, 151, 136, 175
541, 6, 5, 0.25, 0.15, 0.30, 0.31, 0.32, 0.31, 276, 531, 244
542, 7, 5, 0.25, 0.31, 0.32, 0.34, 0.36, 0.34, 547, 629, 449
543, 8, 5, 0.25, 1.34, 0.42, 0.48, 0.49, 0.45, 995, 2048, 2320
544, 9, 5, 0.25, 0.52, 0.42, 0.69, 0.94, 0.60, 1619, 4511, 5702
545, 10, 5, 0.25, 1.91, 0.49, 0.61, 0.62, 0.70, 2751, 2323, 1583
546, 11, 5, 0.25, 2.74, 0.59, 2.03, 1.25, 0.86, 27511, 17231, 5743
547, 12, 5, 0.25, 1.15, 0.58, 1.26, 1.33, 1.42, 16070, 12837, 5430
